,id,nudge,feedback,option,family,gender,housing,landingToInput,inputToChoice,choiceToSubmit,conversion,created
143,ex6cbhrqj,1,6.0,comfort,family,male,rent,True,True,True,False,2019-12-20T04:23:38.000Z
137,e2hp8dxa2,0,,,single,male,rent,True,True,False,False,2019-12-20T06:58:56.000Z
98,9y382sx5r,0,4.0,basic,single,female,rent,True,True,True,False,2019-12-20T07:08:27.000Z
216,n1zuxlag8,1,5.0,comfort,single,female,property,True,True,True,False,2019-12-20T08:08:41.000Z
311,xok4kzlop,0,,,,,,True,False,False,False,2019-12-20T16:20:17.000Z
212,mq6aqg18r,0,,,,,,True,False,False,False,2019-12-20T17:19:06.000Z
119,cfqyd4wx3,0,4.0,basic,family,female,rent,True,True,True,False,2019-12-20T18:44:26.000Z
90,8t5eodqgz,0,2.0,top,family,female,rent,True,True,True,False,2019-12-20T18:49:53.000Z
14,1ahi5nfqu,1,5.0,top,family,female,rent,True,True,True,False,2019-12-21T04:26:58.000Z
323,zodaww13p,1,7.0,top,family,female,rent,True,True,True,True,2019-12-21T05:25:51.000Z
11,1549zr1ky,1,5.0,comfort,family,male,property,True,True,True,False,2019-12-21T11:51:03.000Z
241,q0xcpawcy,1,,,single,male,rent,True,True,False,False,2019-12-21T13:58:49.000Z
272,spr8o3yt2,1,,,,,,True,False,False,False,2019-12-21T16:20:12.000Z
16,1dxqfmdt2,0,4.0,basic,single,female,property,True,True,True,False,2019-12-21T16:25:05.000Z
157,gqkijzwjj,1,,,,,,True,False,False,False,2019-12-21T17:19:03.000Z
197,kkbdpv6i3,0,2.0,basic,single,female,property,True,True,True,False,2019-12-21T18:43:34.000Z
104,amneazjt2,0,5.0,basic,single,male,rent,True,True,False,False,2019-12-21T18:53:58.000Z
255,r4wmn6yl7,1,,,single,male,rent,True,True,False,False,2019-12-21T18:56:20.901Z
315,y25gw4oo0,1,,,,,,True,False,False,False,2019-12-21T18:59:08.000Z
221,o1e7e6ya5,1,,,,,,True,False,False,False,2019-12-21T20:40:52.466Z
149,fl6w05g84,1,6.0,top,family,female,rent,True,True,True,False,2019-12-22T00:37:30.715Z
266,s2p8epcbg,1,,,,,,True,False,False,False,2019-12-22T05:17:44.000Z
52,50d7vxlxz,1,,,single,male,rent,True,True,False,False,2019-12-22T05:17:49.000Z
252,qzndutgnh,1,,,,,,True,False,False,False,2019-12-22T05:36:51.000Z
9,10rg9tsgv,1,3.0,comfort,family,male,rent,True,True,True,True,2019-12-22T05:52:42.000Z
51,4wheq03xo,0,,,,,,True,False,False,False,2019-12-22T06:04:43.556Z
182,j51pr9jkl,0,,,,,,True,False,False,False,2019-12-22T06:13:49.315Z
172,hxq6epeh2,1,4.0,basic,single,male,rent,True,True,True,True,2019-12-22T08:26:28.294Z
244,qb02setct,1,,,,,,True,False,False,False,2019-12-22T10:38:35.000Z
186,jdk2reovk,0,,,family,female,property,True,True,False,False,2019-12-22T10:48:44.243Z
254,r2a2gwq32,0,,,,,,True,False,False,False,2019-12-22T11:54:20.724Z
73,6sg6fs5yj,0,5.0,comfort,single,female,rent,True,True,True,False,2019-12-22T12:07:12.684Z
54,5awevnqa8,0,5.0,comfort,family,male,rent,True,True,True,False,2019-12-22T12:51:13.000Z
45,4h14giz7t,1,,,,,,True,False,False,False,2019-12-22T14:01:30.419Z
233,pejzw7syi,1,,,single,female,property,True,False,False,False,2019-12-22T14:20:53.566Z
72,6qdj9eimb,1,3.0,comfort,single,male,rent,True,True,True,True,2019-12-22T14:23:12.134Z
217,n6dpuax1h,1,5.0,top,single,male,property,True,True,True,True,2019-12-22T14:24:14.112Z
69,6h76fd8e4,0,6.0,top,family,male,property,True,True,True,True,2019-12-22T14:25:41.283Z
316,y374bqv4t,0,4.0,basic,family,male,property,True,True,True,True,2019-12-22T14:26:24.149Z
150,fn5hsl1px,1,5.0,comfort,single,male,rent,True,True,True,True,2019-12-22T14:27:54.030Z
27,2hv3ux1gk,1,3.0,comfort,single,female,property,True,True,True,True,2019-12-22T14:28:37.032Z
213,mteeu9ph6,1,1.0,basic,single,female,rent,True,True,True,True,2019-12-22T14:29:31.969Z
211,mncjf4n7g,0,5.0,comfort,family,female,rent,True,True,True,True,2019-12-22T14:30:18.204Z
93,93f8w5uzd,1,7.0,top,family,female,rent,True,True,True,True,2019-12-22T14:31:03.274Z
151,g4cqfec4p,0,4.0,comfort,family,female,property,True,True,True,True,2019-12-22T14:32:45.476Z
292,utzd5myyu,0,3.0,comfort,single,male,rent,True,True,True,False,2019-12-22T15:23:01.000Z
30,2kuua3c9o,0,2.0,comfort,family,female,rent,True,True,True,False,2019-12-22T16:04:22.412Z
322,zlou0d87g,1,,,,,,True,False,False,False,2019-12-22T16:04:33.460Z
113,btq17zca2,0,5.0,comfort,single,male,rent,True,True,True,False,2019-12-22T16:20:21.000Z
35,3oxblk5zj,0,,,,,,True,False,False,False,2019-12-22T17:18:59.000Z
62,5uql182bt,1,4.0,top,family,female,rent,True,True,True,True,2019-12-22T17:25:32.000Z
37,3rwfljh1z,1,6.0,comfort,family,female,property,True,True,True,False,2019-12-22T17:49:32.000Z
134,dpkgzqzsn,1,1.0,basic,single,male,rent,True,True,True,False,2019-12-22T18:41:41.000Z
274,sxrkfjevw,1,4.0,top,family,female,property,True,True,True,True,2019-12-22T18:45:16.000Z
225,ol72554km,1,2.0,comfort,single,male,rent,True,True,True,False,2019-12-22T18:53:23.000Z
147,f8nuzdfco,0,5.0,comfort,family,female,rent,True,True,True,True,2019-12-22T18:56:31.000Z
116,capieg18w,0,6.0,top,single,female,rent,True,True,True,False,2019-12-22T21:26:03.000Z
303,wkiw9bbce,1,4.0,top,single,male,property,True,True,True,False,2019-12-22T21:50:51.000Z
326,zv6rbxiwb,1,,,,,,True,False,False,False,2019-12-22T21:50:54.123Z
313,xvx9bbxca,1,6.0,top,single,male,rent,True,True,True,True,2019-12-22T23:50:03.147Z
136,dtjpzxczq,1,,,,,,True,False,False,False,2019-12-23T00:06:31.942Z
159,gsw7r9vsf,0,,,single,female,property,True,True,False,False,2019-12-23T03:36:25.130Z
42,41tqad2ma,0,5.0,basic,single,male,rent,True,True,True,True,2019-12-23T04:11:07.000Z
96,9q6j5839i,1,4.0,basic,single,male,rent,True,True,True,False,2019-12-23T04:18:38.000Z
170,hndf15arj,1,6.0,top,single,male,property,True,True,True,True,2019-12-23T04:21:38.000Z
43,45dtrsroc,0,3.0,comfort,family,male,property,True,True,True,True,2019-12-23T04:32:12.000Z
193,k1igq33zj,0,1.0,comfort,family,male,rent,True,True,True,True,2019-12-23T05:01:53.000Z
80,7b2ie1gqm,1,4.0,comfort,single,female,property,True,True,True,True,2019-12-23T05:09:12.000Z
87,877g2gtfx,1,,,single,diverse,rent,True,True,False,False,2019-12-23T05:13:41.579Z
28,2it6jvz61,1,6.0,top,family,female,rent,True,True,True,True,2019-12-23T05:14:02.684Z
293,uwfmfwiwi,1,7.0,top,family,female,property,True,True,True,True,2019-12-23T05:15:37.128Z
321,z3e7e4wgq,1,5.0,comfort,single,female,property,True,True,True,True,2019-12-23T05:24:49.000Z
109,bcm9pidaa,1,5.0,comfort,family,female,rent,True,True,True,True,2019-12-23T05:37:07.000Z
103,alhxcws04,1,4.0,top,family,male,property,True,True,True,True,2019-12-23T05:50:35.483Z
300,wfhdvvj3f,1,,,,,,True,False,False,False,2019-12-23T09:01:52.351Z
314,y1o8bfcqa,1,3.0,comfort,single,female,rent,True,True,True,False,2019-12-23T09:41:18.796Z
79,7akmjoqzz,0,4.0,top,family,female,rent,True,False,True,True,2019-12-23T09:41:32.118Z
206,llmre260m,1,2.0,basic,single,female,property,True,True,True,True,2019-12-23T14:47:58.000Z
277,t2pz9xkhv,1,4.0,comfort,single,male,rent,True,True,True,False,2019-12-23T15:11:55.610Z
70,6nrw9v3f7,1,,,single,male,rent,True,True,False,False,2019-12-23T16:20:04.000Z
24,29z78ha24,0,,,single,male,rent,True,True,False,False,2019-12-23T17:18:51.000Z
126,d2h068h28,0,5.0,basic,single,female,rent,True,True,True,True,2019-12-23T17:25:09.000Z
46,4k3lw9ij4,1,4.0,comfort,family,male,rent,True,True,True,False,2019-12-23T18:42:46.000Z
58,5iez6t66s,0,5.0,basic,single,female,rent,True,True,True,False,2019-12-23T18:43:53.000Z
276,syf4ujfih,1,,,,,,True,False,False,False,2019-12-23T18:54:32.251Z
256,r70voj1xa,1,6.0,top,single,male,rent,True,True,True,True,2019-12-23T19:45:36.000Z
38,3s3jqn2vb,0,5.0,comfort,single,female,property,True,True,True,False,2019-12-23T19:47:42.000Z
99,a124sjv72,1,5.0,top,family,female,rent,True,True,True,True,2019-12-23T20:26:13.000Z
284,ttug0ztem,1,6.0,top,family,female,rent,True,True,True,False,2019-12-23T20:58:11.590Z
260,rt7otaecg,1,4.0,top,single,male,property,True,True,True,True,2019-12-23T20:58:25.787Z
132,dl38kwabb,0,4.0,comfort,family,diverse,property,True,True,True,False,2019-12-23T23:53:58.000Z
165,h9bgjgw0n,0,,,single,female,rent,True,True,False,False,2019-12-24T01:42:27.603Z
164,h3jq7jzye,0,5.0,basic,single,male,property,True,True,True,False,2019-12-24T05:50:43.000Z
18,1qy37mmb5,1,7.0,top,family,male,property,True,True,True,True,2019-12-24T06:42:28.000Z
138,e2obiw34i,0,,,single,female,property,True,True,False,False,2019-12-24T06:58:36.000Z
280,tco3fceqr,0,3.0,comfort,single,male,rent,True,True,True,False,2019-12-24T07:06:33.000Z
10,14yhzywrc,1,,,single,female,rent,True,True,False,False,2019-12-24T07:12:53.861Z
148,fkow5qusd,0,4.0,basic,single,male,rent,True,True,True,False,2019-12-24T10:34:04.957Z
124,ct1nm9tow,1,5.0,comfort,single,male,rent,True,True,True,True,2019-12-24T10:48:37.135Z
288,u1qcw0dml,1,5.0,comfort,family,female,rent,True,True,True,True,2019-12-24T10:48:43.000Z
120,cjhsrjgjc,0,2.0,top,single,male,property,True,True,True,True,2019-12-24T10:49:39.168Z
287,u1453p1mz,1,5.0,top,family,male,property,True,True,True,False,2019-12-24T10:49:54.054Z
290,umwgtcbb1,1,,,,,,True,False,False,False,2019-12-24T10:50:11.481Z
253,r16xmnwgg,0,4.0,comfort,family,male,rent,True,True,True,True,2019-12-24T10:50:13.612Z
258,rh12xv92z,0,2.0,basic,single,male,rent,True,True,True,False,2019-12-24T10:52:19.886Z
171,hti4e5nqq,0,5.0,top,single,female,property,True,True,True,True,2019-12-24T10:52:40.288Z
247,qqzje3xxh,1,6.0,top,family,female,rent,True,True,True,False,2019-12-24T11:04:26.000Z
262,rueot4amd,1,4.0,basic,single,female,rent,True,True,True,False,2019-12-24T11:53:06.000Z
74,6u2zhu8sw,0,3.0,comfort,single,female,rent,True,True,True,False,2019-12-24T21:19:55.059Z
327,zxtwper08,1,5.0,comfort,single,male,rent,True,True,True,False,2019-12-25T04:16:34.000Z
23,29nz8dcwy,1,3.0,top,single,male,property,True,True,True,True,2019-12-25T05:21:49.000Z
223,o91rog0kq,1,3.0,basic,single,male,rent,True,True,True,False,2019-12-25T05:24:29.000Z
291,utw4e5qdg,0,4.0,comfort,family,male,property,True,True,True,False,2019-12-25T05:37:12.000Z
229,p4b4k7k7b,0,1.0,basic,family,male,rent,True,True,True,True,2019-12-25T05:39:27.000Z
122,ck3fxx99s,0,5.0,basic,single,male,rent,True,True,True,True,2019-12-25T05:43:45.000Z
218,ndvht95l3,0,2.0,top,family,male,property,True,True,True,False,2019-12-25T05:52:30.000Z
26,2g21wx7rd,0,4.0,comfort,single,female,property,True,True,True,True,2019-12-25T06:01:00.000Z
301,wgvbqdxw4,0,3.0,basic,single,diverse,rent,True,True,True,True,2019-12-25T06:18:13.000Z
226,oliyu2cvo,1,7.0,top,family,female,rent,True,True,True,True,2019-12-25T06:25:33.000Z
83,7pukbjto4,0,4.0,basic,single,male,property,True,True,True,False,2019-12-25T06:45:55.000Z
189,jnerckpl2,0,3.0,basic,single,female,rent,True,True,True,False,2019-12-25T06:48:44.000Z
224,ojjpc2n1j,0,4.0,comfort,family,female,rent,True,True,True,False,2019-12-25T07:03:47.000Z
125,cwd0cdq8v,0,5.0,top,single,male,property,True,True,True,True,2019-12-25T07:06:45.000Z
191,jqrinytb7,1,6.0,top,family,female,property,True,True,True,True,2019-12-25T07:19:02.500Z
36,3p0r9zhge,1,5.0,comfort,single,male,property,True,True,True,False,2019-12-25T08:23:14.000Z
91,8v0vugxpz,0,,,single,male,rent,True,True,False,False,2019-12-25T09:18:41.374Z
324,zpgka069n,0,5.0,comfort,single,female,rent,True,True,True,True,2019-12-25T09:24:04.623Z
102,aiicdod6r,1,4.0,comfort,family,female,property,True,True,True,False,2019-12-25T10:59:38.080Z
268,s8jaw6v17,0,6.0,top,family,male,rent,True,True,True,True,2019-12-25T14:02:53.000Z
184,jbke1jxrg,0,5.0,basic,single,female,property,True,True,True,False,2019-12-25T15:53:13.000Z
47,4k97whbyn,1,6.0,top,family,male,rent,True,True,True,True,2019-12-25T18:27:26.274Z
267,s463unwr8,0,6.0,top,family,female,rent,True,True,True,True,2019-12-25T18:44:48.000Z
20,215p1b22o,1,,,,,,True,False,False,False,2019-12-25T18:58:15.000Z
63,5xdsmmb8n,1,,,single,diverse,property,True,True,False,False,2019-12-25T18:59:02.000Z
97,9v1lwam6l,1,,,,,,True,False,False,False,2019-12-26T00:00:21.975Z
167,hay0lywni,1,,,single,male,rent,True,True,False,False,2019-12-26T04:19:52.000Z
215,my97wchj7,1,5.0,comfort,single,female,property,True,True,True,True,2019-12-26T08:53:54.000Z
82,7jrpvf41y,0,4.0,top,single,male,property,True,True,True,True,2019-12-26T11:01:59.000Z
29,2k3thetm1,1,3.0,comfort,single,male,rent,True,True,True,False,2019-12-26T11:09:40.000Z
32,2uflgzcuw,0,7.0,top,single,male,property,True,True,True,True,2019-12-26T11:14:14.000Z
296,vqdgswwwi,0,4.0,comfort,family,male,rent,True,True,True,True,2019-12-26T11:16:27.000Z
166,ha9fuj54s,0,2.0,basic,single,female,property,True,True,True,False,2019-12-26T11:22:41.000Z
239,pwuef91fd,0,5.0,basic,single,female,rent,True,True,True,True,2019-12-26T11:23:57.000Z
107,bbhtesckd,1,1.0,basic,single,female,rent,True,True,True,True,2019-12-26T11:33:12.000Z
17,1n6qak81j,0,4.0,comfort,single,diverse,property,True,True,True,False,2019-12-26T11:34:31.000Z
187,jf1gujidp,0,4.0,comfort,family,female,rent,True,True,True,True,2019-12-26T11:53:44.890Z
245,qm6593soz,1,6.0,top,family,female,property,True,True,True,False,2019-12-26T11:54:01.674Z
203,lfz5edypm,0,,,single,male,rent,True,True,False,False,2019-12-26T12:05:24.000Z
263,rxjgttba9,1,6.0,top,family,female,rent,True,True,True,True,2019-12-26T12:54:10.000Z
297,w07oaasn6,0,,,,,,True,False,False,False,2019-12-26T13:01:59.077Z
238,psxuamzq0,0,4.0,basic,single,diverse,rent,True,True,True,False,2019-12-26T13:29:15.068Z
227,ouv9tm9oq,1,,,family,male,rent,True,True,False,False,2019-12-26T16:38:44.000Z
1,0aonl34d7,1,3.0,comfort,family,female,rent,True,True,True,False,2019-12-26T16:53:00.000Z
123,ck6etod4l,1,,,single,male,rent,True,True,False,False,2019-12-26T17:18:43.000Z
86,871lhn693,0,2.0,top,family,female,property,True,True,True,False,2019-12-26T18:01:42.000Z
131,dhz1s7pr5,0,6.0,comfort,family,male,rent,True,True,True,True,2019-12-26T18:23:28.000Z
205,lir7jv7o1,0,5.0,comfort,single,male,property,True,True,True,True,2019-12-26T18:42:07.000Z
155,gey79r1pz,0,6.0,top,family,female,property,True,True,True,False,2019-12-26T18:56:44.000Z
273,srjvb9mu3,1,,,family,female,rent,True,True,False,False,2019-12-26T18:58:42.000Z
141,elane2zbp,1,4.0,top,family,female,property,True,True,True,True,2019-12-26T20:50:07.625Z
320,ylej0unkq,1,,,,,,True,False,False,False,2019-12-26T20:53:33.897Z
304,wm5nz60kr,1,,,single,male,rent,True,True,False,False,2019-12-26T21:03:49.108Z
289,u2tt2vagv,0,3.0,comfort,single,female,rent,True,True,True,True,2019-12-26T21:19:23.040Z
2,0dbr0gid4,0,,,,,,True,False,False,False,2019-12-26T21:52:54.195Z
110,bfci7vie5,0,,,family,female,property,True,True,False,False,2019-12-26T23:51:58.785Z
235,pixy6nr29,0,,,,,,True,False,False,False,2019-12-27T00:38:53.282Z
118,ce90mnt7u,1,2.0,basic,single,male,rent,True,True,True,False,2019-12-27T04:19:33.000Z
294,v0oph3hkf,1,3.0,comfort,single,male,rent,True,True,True,True,2019-12-27T04:56:49.000Z
84,7vhulnf4u,1,4.0,top,single,male,property,True,True,True,False,2019-12-27T05:12:22.000Z
207,lropoarx2,0,2.0,comfort,family,male,property,True,True,True,False,2019-12-27T05:14:34.000Z
101,afwqbsfl2,1,,,single,male,property,True,True,False,False,2019-12-27T05:20:11.000Z
249,qs15meo9l,1,6.0,top,family,male,property,True,True,True,True,2019-12-27T05:38:49.000Z
8,0zwvtimx5,1,5.0,top,family,male,rent,True,True,True,False,2019-12-27T05:44:00.000Z
265,s0pgtefeq,0,5.0,basic,single,male,rent,True,True,True,True,2019-12-27T06:02:15.000Z
48,4lf1ndphd,1,,,single,female,property,True,True,False,False,2019-12-27T06:05:39.000Z
3,0f0i74fg9,0,4.0,basic,single,female,property,True,True,True,True,2019-12-27T06:08:56.000Z
248,qrckqb575,1,2.0,top,single,female,rent,True,True,True,True,2019-12-27T06:12:12.000Z
31,2pho0t72r,0,5.0,comfort,family,female,rent,True,True,True,False,2019-12-27T06:23:32.840Z
139,e82edzl0l,1,6.0,top,family,female,rent,True,True,True,True,2019-12-27T06:24:49.000Z
318,yftk3modg,0,5.0,comfort,family,female,property,True,True,True,True,2019-12-27T06:25:16.739Z
60,5kq0y0rrt,0,4.0,comfort,family,male,property,True,True,True,False,2019-12-27T07:07:12.000Z
53,55a4iuyc4,0,4.0,comfort,family,female,rent,True,True,True,False,2019-12-27T07:24:38.000Z
40,3x0jqm516,0,6.0,basic,single,female,rent,True,True,True,True,2019-12-27T09:54:12.000Z
85,7znnbszl6,0,,,,,,True,False,False,False,2019-12-27T10:02:41.276Z
317,yfpjg01wk,0,3.0,basic,single,male,rent,True,True,True,False,2019-12-27T14:47:01.960Z
237,pobbqixq7,1,2.0,top,family,female,property,True,True,True,False,2019-12-27T14:50:02.000Z
64,5xflwbw1f,0,6.0,comfort,family,male,property,True,True,True,False,2019-12-27T15:04:27.000Z
89,8j0qx6abm,0,,,,,,True,False,False,False,2019-12-27T16:00:40.000Z
220,nr1g4refs,1,5.0,top,family,female,rent,True,True,True,False,2019-12-27T16:10:53.622Z
278,t46i9jhwr,0,,,family,female,rent,True,True,False,False,2019-12-27T16:19:40.000Z
114,bzalqyiv2,1,5.0,comfort,single,male,rent,True,True,True,True,2019-12-27T16:20:30.000Z
61,5r7ew8ji2,1,,,,,,True,False,False,False,2019-12-27T17:07:00.178Z
201,ky6zmqdzo,0,,,single,male,property,True,True,False,False,2019-12-27T17:18:34.000Z
283,tsng1w7kr,1,4.0,basic,single,male,rent,True,True,True,True,2019-12-27T17:23:48.000Z
21,24mouzy8w,1,3.0,comfort,single,male,rent,True,True,True,False,2019-12-27T18:28:38.000Z
59,5jrg3ukxy,1,4.0,comfort,single,male,property,True,True,True,False,2019-12-27T18:44:11.000Z
202,lazvzv5s6,1,5.0,comfort,family,male,property,True,True,True,True,2019-12-27T18:46:10.000Z
76,6zhjgx0cj,0,4.0,top,single,male,property,True,True,True,False,2019-12-27T18:46:16.584Z
41,3xke0xpbb,1,4.0,basic,single,male,rent,True,True,True,True,2019-12-27T18:51:25.000Z
210,mfg4uqq3s,1,2.0,basic,single,female,rent,True,True,True,True,2019-12-27T18:57:20.000Z
158,gr90z2hat,0,,,single,female,rent,True,True,False,False,2019-12-27T20:20:13.932Z
188,jhacl2apr,1,,,,,,True,False,False,False,2019-12-27T21:32:31.185Z
234,pg1t0cc2u,0,,,,,,True,False,False,False,2019-12-27T23:24:05.103Z
75,6y3ithgf6,0,6.0,top,single,male,property,True,True,True,True,2019-12-27T23:55:41.668Z
13,1a29av6tv,0,,,,,,True,False,False,False,2019-12-27T23:55:50.385Z
196,kh8b2xkc2,1,,,,,,True,False,False,False,2019-12-28T02:18:54.549Z
142,emotzt4nd,1,,,,,,True,False,False,False,2019-12-28T05:17:40.000Z
179,isn6g4xaj,1,5.0,top,family,male,property,True,True,True,True,2019-12-28T05:53:03.000Z
195,kfsihv227,0,5.0,comfort,single,male,property,True,True,True,True,2019-12-28T06:01:43.000Z
299,weot40bwj,0,4.0,basic,single,male,rent,True,True,True,True,2019-12-28T06:34:18.000Z
302,whk2pi546,1,6.0,top,family,male,property,True,True,True,True,2019-12-28T06:44:59.000Z
140,e8e13y5z5,0,4.0,comfort,family,male,rent,True,True,True,True,2019-12-28T07:08:46.000Z
282,tshy2flvs,1,2.0,basic,single,male,rent,True,True,True,True,2019-12-28T07:13:58.000Z
270,sf8mj8j0p,0,6.0,comfort,single,female,property,True,True,True,False,2019-12-28T07:33:11.000Z
309,xfmm45r9a,1,5.0,comfort,single,female,rent,True,True,True,True,2019-12-28T08:01:24.000Z
310,xglcj95ff,1,2.0,comfort,single,diverse,rent,True,True,True,True,2019-12-28T09:10:36.000Z
33,3b06882ap,0,2.0,top,single,male,property,True,True,True,False,2019-12-28T09:22:14.000Z
192,k1feg85gu,0,5.0,comfort,family,female,rent,True,True,True,True,2019-12-28T09:43:49.000Z
306,wug4rumpe,1,7.0,top,single,female,rent,True,True,True,True,2019-12-28T10:02:03.000Z
34,3h6lqkf3k,1,5.0,top,family,female,property,True,True,True,True,2019-12-28T10:44:21.682Z
178,iq3ksfgzx,1,3.0,comfort,family,male,rent,True,False,True,False,2019-12-28T12:04:01.758Z
105,an2aqvkjp,1,,,,,,True,False,False,False,2019-12-28T13:33:29.861Z
66,69zyfaz75,0,,,,,,True,False,False,False,2019-12-28T17:18:30.000Z
269,sbrabwp5r,1,3.0,comfort,single,male,property,True,True,True,True,2019-12-28T17:41:11.354Z
168,hih84musg,1,4.0,comfort,family,female,rent,True,True,True,False,2019-12-28T18:26:30.000Z
135,dqyqbc5d9,0,4.0,basic,family,female,rent,True,True,True,True,2019-12-28T18:45:21.918Z
259,rn7o40ydb,1,,,,,,True,False,False,False,2019-12-28T18:48:22.518Z
106,b3feb6l36,0,6.0,top,family,female,rent,True,True,True,False,2019-12-28T18:56:04.000Z
162,gvvs6jtlo,0,,,,,,True,False,False,False,2019-12-28T18:58:31.000Z
295,vnqhspfve,0,,,single,male,rent,True,True,False,False,2019-12-29T01:52:01.357Z
111,bg24kbdfg,1,5.0,basic,single,male,rent,True,True,True,False,2019-12-29T05:04:39.000Z
177,ihkl13oli,0,3.0,comfort,family,female,property,True,True,True,False,2019-12-29T05:07:21.781Z
144,ey3i6da1e,1,4.0,top,family,male,rent,True,True,True,True,2019-12-29T07:07:26.000Z
88,8bg18gpu6,1,5.0,top,family,male,rent,True,False,True,False,2019-12-29T08:02:40.666Z
71,6pontz427,0,,,,,,True,False,False,False,2019-12-29T09:48:22.603Z
7,0zkhcms5r,0,,,,,,True,False,False,False,2019-12-29T10:05:24.058Z
194,k49gat30d,0,,,single,male,rent,True,True,False,False,2019-12-29T10:06:02.092Z
209,mdf9watjw,0,6.0,basic,single,male,rent,True,True,True,True,2019-12-29T11:01:23.000Z
56,5gp8v762a,0,1.0,top,single,male,property,True,True,True,False,2019-12-29T11:04:45.000Z
257,re6my2qlb,0,2.0,comfort,family,male,rent,True,True,True,False,2019-12-29T11:09:17.896Z
146,f75yrl86q,1,,,,,,True,False,False,False,2019-12-29T11:12:36.291Z
271,sj9a2l5xj,1,4.0,top,family,male,property,True,True,True,True,2019-12-29T11:14:03.000Z
50,4o858ztel,0,5.0,comfort,family,female,rent,True,True,True,False,2019-12-29T11:48:39.242Z
117,cco35tcfi,1,3.0,comfort,single,male,rent,True,True,True,True,2019-12-29T11:49:17.537Z
25,2a3131gez,1,4.0,top,single,female,rent,True,True,True,True,2019-12-29T11:55:52.000Z
199,ktnxgh3eh,0,4.0,basic,single,male,rent,True,True,True,False,2019-12-29T12:02:32.000Z
286,u0n3rbnod,1,5.0,top,family,female,property,True,True,True,False,2019-12-29T12:04:05.000Z
181,j0llkuoyr,1,3.0,comfort,single,diverse,rent,True,True,True,True,2019-12-29T12:22:47.000Z
95,9nmqott0k,0,5.0,basic,single,female,rent,True,True,True,True,2019-12-29T12:35:18.000Z
312,xumh3lxft,0,3.0,top,single,female,property,True,True,True,True,2019-12-29T12:45:00.000Z
285,twikja5pb,1,5.0,comfort,family,male,rent,True,True,True,True,2019-12-29T12:47:16.000Z
67,6d2oshlkb,1,3.0,comfort,single,male,rent,True,True,True,False,2019-12-29T12:49:25.034Z
128,d5jntahjl,0,,,,,,True,False,False,False,2019-12-29T13:19:02.000Z
230,p8907m9ng,0,5.0,top,single,male,property,True,True,True,False,2019-12-29T13:25:21.999Z
5,0khvywbdb,0,,,,,,True,False,False,False,2019-12-29T13:57:11.919Z
81,7h8pdoqcl,0,4.0,comfort,family,female,property,True,True,True,True,2019-12-29T14:49:30.230Z
228,oyms8kjkf,1,5.0,top,family,male,rent,True,True,True,False,2019-12-29T15:39:10.821Z
219,ne5p2c31j,0,,,,,,True,False,False,False,2019-12-29T16:02:04.738Z
12,18jz1b0uj,1,4.0,basic,single,male,rent,True,True,True,False,2019-12-29T16:06:28.377Z
251,qymcatxgf,0,,,family,male,rent,True,True,False,False,2019-12-29T16:17:21.339Z
152,g8vitc8od,0,,,,,,True,False,False,False,2019-12-29T16:19:06.000Z
115,bze68bq7n,0,,,single,male,rent,True,True,False,False,2019-12-29T17:06:50.189Z
236,plj7mxq6b,1,,,,,,True,False,False,False,2019-12-29T17:18:26.000Z
190,jpbz9fim8,0,3.0,top,family,female,property,True,True,True,True,2019-12-29T18:20:47.000Z
308,xcrpew2q9,0,5.0,basic,single,female,rent,True,True,True,False,2019-12-29T19:36:36.478Z
49,4nw8tkx6e,0,,,,,,True,False,False,False,2019-12-29T19:47:39.590Z
200,kv67azykb,1,,,,,,True,False,False,False,2019-12-29T20:49:38.466Z
100,a1ej55u1s,1,,,,,,True,False,False,False,2019-12-29T21:06:34.977Z
208,m3mu7q8fv,1,4.0,top,family,female,rent,True,True,True,False,2019-12-29T21:36:41.409Z
153,gbkdh7vf7,0,3.0,comfort,family,female,rent,True,True,True,False,2019-12-30T00:01:32.876Z
305,wrumsrlbt,0,,,single,male,rent,True,True,False,False,2019-12-30T05:45:30.002Z
242,q4f9evqbw,0,6.0,basic,single,female,rent,True,True,True,True,2019-12-30T06:07:47.000Z
279,t6zx3sno0,0,2.0,comfort,single,female,property,True,True,True,True,2019-12-30T06:22:13.000Z
183,j7z0fvh7o,0,4.0,basic,single,diverse,rent,True,True,True,False,2019-12-30T06:47:26.000Z
156,gl2n7eixw,0,4.0,basic,single,male,rent,True,True,True,False,2019-12-30T06:54:41.000Z
298,w1haob82h,0,1.0,top,family,female,rent,True,True,True,False,2019-12-30T07:08:58.260Z
22,26yt50twn,0,5.0,comfort,family,female,rent,True,True,True,True,2019-12-30T07:09:27.666Z
133,dmmkkfp73,1,6.0,top,family,female,property,True,True,True,False,2019-12-30T07:46:14.000Z
176,ibheri0xu,1,,,,,,True,False,False,False,2019-12-30T07:55:57.610Z
57,5h3ec87l4,0,,,,,,True,False,False,False,2019-12-30T08:34:25.336Z
163,gwhk6w5tw,0,,,,,,True,False,False,False,2019-12-30T09:07:41.000Z
169,hlgh2jjsm,1,,,,,,True,False,False,False,2019-12-30T09:14:14.507Z
240,pywu9y0w8,1,,,,,,True,False,False,False,2019-12-30T09:28:10.562Z
246,qpisnuick,0,,,,,,True,False,False,False,2019-12-30T11:26:20.489Z
214,mxup7985x,1,,,,,,True,False,False,False,2019-12-30T12:11:02.592Z
44,4fu8ci99a,0,,,,,,True,False,False,False,2019-12-30T13:36:54.766Z
19,1usf2g2gv,0,6.0,basic,single,male,rent,True,True,True,True,2019-12-30T13:44:52.228Z
231,p9byu4y6o,0,3.0,basic,single,male,rent,True,True,True,True,2019-12-30T13:47:12.000Z
15,1bh59kbd0,1,3.0,comfort,family,female,rent,True,True,True,False,2019-12-30T15:02:41.010Z
161,gt8yxfahu,0,,,,,,True,False,False,False,2019-12-30T15:07:40.068Z
281,tpiaxfauo,1,,,,,,True,False,False,False,2019-12-30T16:19:10.000Z
154,gczm888k3,0,,,single,male,property,True,True,False,False,2019-12-30T16:19:27.000Z
160,gszk35m18,1,,,,,,True,False,False,False,2019-12-30T17:18:04.000Z
173,hyj4kyr8b,1,6.0,top,family,male,property,True,True,True,True,2019-12-30T17:24:07.000Z
175,i87y8hswk,1,,,,,,True,False,False,False,2019-12-30T17:31:49.897Z
68,6fwnwfdlz,0,5.0,basic,single,female,property,True,True,True,False,2019-12-30T18:03:45.899Z
232,pd1vvpiqc,1,2.0,top,family,male,property,True,True,True,False,2019-12-30T18:42:48.099Z
78,794136swa,0,3.0,basic,single,male,rent,True,True,True,True,2019-12-30T18:43:03.000Z
243,qaeyw75rr,1,,,single,male,rent,True,True,False,False,2019-12-30T19:13:38.937Z
198,ksgvz2agr,1,3.0,top,single,male,property,True,True,True,False,2019-12-30T19:13:40.129Z
129,dcb0jgepg,0,,,,,,True,False,False,False,2019-12-30T19:45:11.572Z
264,ry0ikwtwz,0,,,,,,True,False,False,False,2019-12-30T20:13:12.654Z
6,0wslvk06i,0,4.0,basic,family,female,rent,True,True,True,False,2019-12-30T21:45:02.000Z
94,996l6q6yy,0,3.0,comfort,family,female,rent,True,True,True,False,2019-12-30T22:00:34.798Z
180,ixou7lb5r,1,,,,,,True,False,False,False,2019-12-30T23:14:56.008Z
307,wvh26fx4s,0,,,,,,True,False,False,False,2019-12-30T23:30:10.948Z
127,d3lk8uxug,1,,,,,,True,False,False,False,2019-12-31T00:52:00.502Z
204,liie7m5ky,1,,,,,,True,False,False,False,2019-12-31T03:45:34.344Z
261,ru1v89h5w,1,5.0,top,single,male,rent,True,True,True,True,2019-12-31T04:49:57.000Z
222,o2jg4hxnx,1,2.0,basic,single,male,rent,True,True,True,False,2019-12-31T05:18:22.000Z
4,0hjzapdly,1,4.0,comfort,family,female,property,True,True,True,True,2019-12-31T05:55:01.438Z
55,5e935xwl9,0,5.0,top,family,female,rent,True,True,True,False,2019-12-31T06:22:15.000Z
121,cjifdm1ae,0,,,,,,True,False,False,False,2019-12-31T06:48:31.000Z
77,761w0wygh,0,6.0,comfort,family,female,rent,True,True,True,True,2019-12-31T07:54:44.000Z
0,01rx06car,1,,,,,,True,False,False,False,2019-12-31T08:22:15.715Z
145,f0ibqof6z,1,5.0,top,family,female,rent,True,True,True,False,2019-12-31T08:23:06.712Z
92,8xn12r4kn,1,4.0,comfort,single,female,rent,True,True,True,True,2019-12-31T09:10:23.044Z
185,jbuv2x7r7,1,4.0,top,family,male,property,True,True,True,False,2019-12-31T09:28:31.351Z
112,bqdd52y4g,1,,,,,,True,False,False,False,2019-12-31T11:01:05.761Z
108,bck060pk7,0,5.0,basic,single,male,rent,True,True,True,False,2019-12-31T12:47:29.771Z
319,yklu0xeuj,1,3.0,top,single,female,property,True,True,True,False,2019-12-31T14:33:49.000Z
130,dcnrg7okf,0,4.0,comfort,family,female,rent,True,True,True,False,2019-12-31T15:52:35.000Z
65,62qg8e8zz,0,,,single,female,rent,True,True,False,False,2019-12-31T16:19:14.000Z
174,i6itvnj3w,1,,,family,female,property,True,True,False,False,2019-12-31T17:17:57.000Z
250,qv4el0dje,0,3.0,comfort,family,female,property,True,True,True,True,2019-12-31T17:26:12.000Z
275,sy71vvvlv,0,4.0,basic,single,female,rent,True,True,True,False,2019-12-31T18:54:59.000Z
325,zruc2opov,1,,,single,male,rent,True,True,False,False,2019-12-31T18:58:22.000Z
39,3ticuykin,1,5.0,basic,single,female,rent,True,True,True,True,2019-12-31T21:50:16.000Z
